Timestamp,Which tier was played?,"What is the Discord tag of the Winner, with ID (e.g. Ejeffers1239#9016)",What is the Discord tag of the Loser? (Player 2 if tied.),What was the Score? [Winner],What was the Score? [Loser],Submit the .yrp file(s) of the match.,Submit the winner's YDK file,"Submit the loser's YDK file (Obtainable via the ""replay"" tab in EdoPro, if not just asking)",Winner's Deck Archetype(s),Loser's Deck Archetype(s)
9/28/2022 16:34:15,Layer 1 (Vanilla),Atlas/Celeste#8465,idkjustputagoodname#9610,2,0,"https://drive.google.com/open?id=1tyJGguPcZKPVb4Xm3WbwFDz_fu6XGZBW, https://drive.google.com/open?id=1VP-B0Sza_34NlqHmXvv8AZlwtYYaIlBG",https://drive.google.com/open?id=1lzZGR1ISlaSGprUnwS149qPZZ2fEHADM,https://drive.google.com/open?id=1_D6vwhORdDKbI9l4nyqeip3E8JvDxxmQ,Sky Striker Orcust,Zoodiac
9/28/2022 17:17:23,Layer 1 (Vanilla),idkjustputagoodname#9610,Jinxsei#1535,2,1,"https://drive.google.com/open?id=1G6UM02rdmrSWoRp8FmDGhsdwaRxbdF10, https://drive.google.com/open?id=1JHU0YxOWy7wzi0BXJtEiZ1wCd42FkUiY",https://drive.google.com/open?id=1pW8rsmepUSnih2Z9tJ71ka1aJOJc9_Qe,https://drive.google.com/open?id=1J98_DfA6OUXEZsuWWMtl4qZlTjvIkAQC,Zoodiac Runick,True Draco
9/28/2022 17:23:18,Layer 1 (Vanilla),Ejeffers1239#9016,codybeeber1#9402,2,1,"https://drive.google.com/open?id=13JcqchLzr6sNyvDib53wcxqrWaXPb02r, https://drive.google.com/open?id=1cJ7RAwbroFL4k_QK40MAIRpfNQ_RJGYL, https://drive.google.com/open?id=1QbN0xyB9cgRhpNzDc7ecstwwxda1WytW",https://drive.google.com/open?id=14HzLz5MvtAHW0tZut9l9W0c58xvLiS39,https://drive.google.com/open?id=1PJjrBiXpkUeAfAsp_1Y4KlUdwdQuPO3J,Pendulum Magician,Clock Dragon FTK
9/28/2022 17:42:53,Layer 1 (Vanilla),Querrec#8552,Jinxsei#1535,2,1,"https://drive.google.com/open?id=1EZ4_hDhnynvnxkg8O4-Qc2p3lsS7aEeu, https://drive.google.com/open?id=1W6T9HwMCCO_3KDyfevDcIaFHqW5aHR94, https://drive.google.com/open?id=1vimc04NrD3W0SrrnEFbkNWcapUJGNrpa",https://drive.google.com/open?id=1ndEljuu7JcUsTdpGa5l45m7EWPCAIkWD,https://drive.google.com/open?id=1O9OJObK-P5LX6qx4YCyKWd1OPB5U3nBI,Luna Kaiju,Drytron
9/28/2022 22:51:07,Layer 1 (Vanilla),Querrec#8552,Ejeffers1239#9016,2,0,"https://drive.google.com/open?id=1u3aZST-9KYHmH3xVSgrikEFqJO8UUuuN, https://drive.google.com/open?id=1xLYprMdoaK7FB31Fi_ui2li8NUmHyqx0",https://drive.google.com/open?id=181lVSGNBamD8_UjBle__cZ-DLQyjljJQ,https://drive.google.com/open?id=1pHjaOpWGlFw3OoZwvKjdke2j3McBKNMe,Luna Kaiju,Dracoslayer Performapal Magicians
9/28/2022 23:21:22,Layer 1 (Vanilla),codybeeber1#9402,Ejeffers1239#9402,2,1,"https://drive.google.com/open?id=17wOe-RxTupUWU9kg03y6DwGdWbabQKRg, https://drive.google.com/open?id=1zTxvEGHfeALtCAAMe6zz0bIfVtdzdv-f, https://drive.google.com/open?id=1-kjrvXkCRnVHt0LTkCUhdXrifChhrrSz",https://drive.google.com/open?id=12KDZHj64t9cq2wTLF9TX7WzNUsO5S6zb,https://drive.google.com/open?id=15FJEf9-0piljhW1fMycPdqqnlZ-k8mG2,Clock Dragon FTK,Beetrooper
9/28/2022 23:23:35,Layer 1 (Vanilla),Blaster blade#7235,OmegaCrafter17#6098,2,1,"https://drive.google.com/open?id=1YlvJVWmciHkDRloscrUhGcypyWhWipmI, https://drive.google.com/open?id=1kcIObDuM0dp9vukpNHo_TmIzI6xohi-P, https://drive.google.com/open?id=1dB6gvw94yd2gkNiJeZXgU96cxxG15IHI",https://drive.google.com/open?id=104BmIj7t3auOS0FYLob0VXRBTLdJb444,https://drive.google.com/open?id=1cHC2jl4bZB4HWrlAmCP08Wd36Eps9ilu,Dark Magician,True Draco Zoodiac
9/28/2022 23:24:39,Layer 1 (Vanilla),Querrec#8552,yubel#1310,2,0,https://drive.google.com/open?id=1PfJrtWzLNuwxxBa5falXRhloqeliuXNE,https://drive.google.com/open?id=1nzM0nXRXwbHHDTEqru75WtZ7O0viUWox,https://drive.google.com/open?id=1g4vC-zkdmEEDTd0h2XErnrZLxZo1uQ7Y,Agents,Zoodiac
9/28/2022 23:26:54,Layer 1 (Vanilla),Aidan#9145,3manyflies#2628,2,0,"https://drive.google.com/open?id=1k3Ir2mcf_w68QORQh4sb-segYeodPEWb, https://drive.google.com/open?id=13377DvkJTMx0fQ1Ps4HWyjxKArAk7ZRi",https://drive.google.com/open?id=1naNqQT2KgaiTAMK9JUy9olqhR57VUhr6,https://drive.google.com/open?id=15gda6ou4yTmfYg1xR-5I_eIoV8UKCH8I,Danger PK Orcust,Branded Despia Tear
9/29/2022 2:10:32,Layer 1 (Vanilla),Preistest_Dragon#5022,Blaster blade#7235,2,1,"https://drive.google.com/open?id=1A-jtJEq_qW19aG13xm1bf5NKvcT2VLiC, https://drive.google.com/open?id=1Ock6YVqAKl0EEwfZ_weePoLY68we6iiF, https://drive.google.com/open?id=19mOnDebF-hM1ASnpQrLZfj2zvQZFCeAI",https://drive.google.com/open?id=1B0FSJ7NWtwasJgpxXddncK3hl-Y_fF15,https://drive.google.com/open?id=1uOTPjoI768yj6gS4NuxFgajfBpgTK-vY,Libromancer - Punk,Dark Magician
9/29/2022 8:54:42,Layer 1 (Vanilla),idkjustputagoodname#9610,Ejeffers1239#9016,1,0,https://drive.google.com/open?id=1BG2xwT9QhuLGNXIxRoi1hUrUO3-xRzFn,https://drive.google.com/open?id=12E-RUHt6ZRZHRFq6tDL5GcCqywiHGrj4,https://drive.google.com/open?id=1uOC-D_Q72y3KhQ68SKN0kpkhK0bqZ8Ou,Runick Spright,Beetrooper
9/29/2022 10:36:41,Layer 1 (Vanilla),kata#1031,Ejeffers#9016,2,0,"https://drive.google.com/open?id=1yzdwhYNVFH96IFDa5G-6bsjYvtIbpjxS, https://drive.google.com/open?id=16qCXG8QSXz3zuQ1_1SW6mvvlcej9LUBb",https://drive.google.com/open?id=1GtwZk074BNomfyD4YBZpGFZDS9cQPQLK,https://drive.google.com/open?id=1PnNZsZqTWTCYS-Kz8ydRGDC4G8GinfQH,true draco nnadolche,pendulunn nnagician perfornnapal
9/29/2022 11:19:06,Layer 1 (Vanilla),kata#1031,DotVersion2#1312,2,1,"https://drive.google.com/open?id=1OXkojvk03HAf7jLz1_FZ8fenBMUAA0i9, https://drive.google.com/open?id=16BHuZaDlelx_VZhLRB18zIdW04ksPAM1, https://drive.google.com/open?id=1HxBoR1iixiDt7sfSa_FjR4KCe8e7Gqhz",https://drive.google.com/open?id=1X4BheeoLo_hqnoaAwk6ofd_gv077Saxb,https://drive.google.com/open?id=1kvDZkjThPGESnz3XotHf4LJKs8TznVIW,true draco + madolche,morphtronic
9/29/2022 11:46:53,Layer 1 (Vanilla),idkjustputagoodname#9610,Preistest_Dragon#5022,2,1,"https://drive.google.com/open?id=1fNHzgkLzZR6K6gxKGjEJtrap9_u-MuNV, https://drive.google.com/open?id=1kCLP7Z_DE_j7dnVnWFXvchVJqkDbaATF, https://drive.google.com/open?id=13inztmhqNYrXV0ly7kA3yiHfl59ltmYZ",https://drive.google.com/open?id=1KH3ntBlV2s4kbBhipYxQIn-iHaCXmWTo,https://drive.google.com/open?id=1b3i7Wsv97XFcV4Iiyn3LD2QCXOvLInJe,spright - mystrunes,Libromancer - Punk
9/29/2022 13:30:38,Layer 1 (Vanilla),Preistest_Dragon#5022,Atlas/Celeste#8465,2,0,"https://drive.google.com/open?id=1W0RwxMc4rYpDmJEvbqiQICxjaBkvLEQZ, https://drive.google.com/open?id=1zpFfl_loTwDi_SSjvJje_tSlKs-IwtJX",https://drive.google.com/open?id=1xBOqNTGrD6twdAIKzIdFLV7tBOYQUg1K,https://drive.google.com/open?id=1QtJjj70XBr7YFzlTgiBs5qqoHGeLLvxc,Libromancer Punk,Orcust striker
9/29/2022 13:48:06,Layer 1 (Vanilla),Megalith Phul#3133,Atlas/Celeste#8465,2,0,"https://drive.google.com/open?id=1Tleb5-YZM5fTGVmxVBuPIa_3j0Ouazx9, https://drive.google.com/open?id=1ylIfh_M-Z5lphBKf0dF5rlohBbZjOLnH",https://drive.google.com/open?id=1r1FXMG_Aa8KsclxhVZ_joG8RWIXbv0bG,https://drive.google.com/open?id=1OwQ1QCQ1ACbwHpJtdV7ZevpLTt7BV-cz,Megalith,Sky Striker Orcust
9/29/2022 13:50:30,Layer 1 (Vanilla),Preistest_Dragon#5022,Atlas/Celeste#8465,2,0,"https://drive.google.com/open?id=1KikeYBgsQcfFi7z4-MN7pYZjWyigY3aS, https://drive.google.com/open?id=1qHTaQ5EQj9U6rC3DHCaG9qYfoq1s_qGn",https://drive.google.com/open?id=134K_48lGnAAgJHkrBsUCwzrBn4iNAjRA,https://drive.google.com/open?id=1gcCsEM0aq-ZscHlwGrC4Tp20AmkczQ4g,(vanity's ruler) Libromancer,Sky Striker Orcust
9/29/2022 14:27:01,Layer 1 (Vanilla),Lord of Coffee#7741,Malleus#2670,2,1,,https://drive.google.com/open?id=17xPglFzLk2rxubbISpitGBOovAlpN4r9,https://drive.google.com/open?id=1f_B72P47xGgr-dsL1PZGid92LKeTVsRG,Mathmech,Labrynth
9/29/2022 14:29:07,Layer 1 (Vanilla),Ejeffers1239#9016,Preistest_Dragon#5022,2,1,"https://drive.google.com/open?id=1Cmzgz4TMA07XwDr5OMgml_8EnEEkJNpZ, https://drive.google.com/open?id=1ExKUL5ZBUeZRpziWauAGy9J_Jabayux3, https://drive.google.com/open?id=1T_WFW8DyJnmg0tSbGjXJDBWusyhpcswf",https://drive.google.com/open?id=1ST6i_TPTdbHMLsNcZcY29utKHDGrLXpd,https://drive.google.com/open?id=1mzeT1LBuJJwKOc8CQsKfsKzWNktS2_wH,Marincess,PUNK Libromancer
9/29/2022 15:23:27,Layer 1 (Vanilla),kata#1031,Preistest_Dragon#5022,2,1,"https://drive.google.com/open?id=1zE2C1_2K813fmDzhNLHgo79ik4nyLQdt, https://drive.google.com/open?id=1ZI33ezuTf4_NfvFJDo8YHHgi3-OTuDQ_, https://drive.google.com/open?id=1b0PQqVxVabLX99SnkstCObjx9y5mGIKL",https://drive.google.com/open?id=1G4DYysSzZbzwl8KOkE1k2NRSn6xghX1e,https://drive.google.com/open?id=1nqZO_vteaWIRZsHm33Oj65SKnVWceiqd,true draco + madolche,libromancer
9/29/2022 15:32:50,Layer 1 (Vanilla),idkjustputagoodname#9610,yubel#1310,2,0,,https://drive.google.com/open?id=1ioa0TAjLd8E91RibXA5Ao1PGOA4EPmZx,https://drive.google.com/open?id=12nDlLlh54_mThHx8crAYzOGWwwRvoRVZ,Runick Spright,Zefra
9/29/2022 16:38:27,Layer 1 (Vanilla),idkjustputagoodname#9610,kata#1031,2,1,"https://drive.google.com/open?id=1R49jVn16xNikqK7G6mYPxuFruuPqQFKZ, https://drive.google.com/open?id=1WzAMDjxZ5xscAWiK2QAmEqZC8_IPA5fC, https://drive.google.com/open?id=1xQDqkU-ebUo8muc41vJ8B8uG5ovJB-fY",https://drive.google.com/open?id=1rNsXCpVuwI3x8yrA6eyLxGYl9zqDDIyj,https://drive.google.com/open?id=1_P6T_VZKtm6_-FXUIDy8JfnwzooNn5da,Runick spright,Musket draco dpe
9/29/2022 16:55:41,Layer 1 (Vanilla),Isla#1154,Julius#3986,2,1,"https://drive.google.com/open?id=1jW8ns_rR0YR63f9wn2W0tk3P64OAmGEu, https://drive.google.com/open?id=1FUnLoAdJnyGn6yaO3pQWGIz7ZWTXgshX, https://drive.google.com/open?id=1ya85e4_JS_bxLm5v9U-3GUIvPuF_LBwK",https://drive.google.com/open?id=1gKdRK1o8EdggHs_vTX05P6dnE4vCfjO2,https://drive.google.com/open?id=1OHd28ALyw_8xEKk_X60NJt8_Wbo4CBMu,Utopia,Mathmech
9/29/2022 16:55:44,Layer 1 (Vanilla),Julius#3986,kata#1031,1,0,https://drive.google.com/open?id=1VIluWrZIvUEQaqkIU4hIvQLAY9kz8iaT,https://drive.google.com/open?id=1RwIKqJcwDv0YQV0AL00Cua5E5hpE3qO9,https://drive.google.com/open?id=1szJOTQRw1bZZDpU0IA_kbAEOm092TvjU,Mathmech,True Draco
9/29/2022 17:08:21,Layer 1 (Vanilla),bee.#4965,kata#1031,2,0,"https://drive.google.com/open?id=1_giBtdARd4Lj6bOV9zQhwVPudm1392KW, https://drive.google.com/open?id=1B3apbR6uXmnKmjahqpGxVFQXatTdP9rt",https://drive.google.com/open?id=11gpOLgZWdCR2Vsgu00kaGGsExVIOqv2x,https://drive.google.com/open?id=1tUz_oxzVO3sC_IV4zk_G__7a15mkX40k,spright + trickstar,brave + madolche
9/29/2022 18:09:10,Layer 1 (Vanilla),Querrec#8552,bee.#4965,2,0,"https://drive.google.com/open?id=1j-8QzggZgAtwRYynuREQ483h_wv6FEML, https://drive.google.com/open?id=1TW3ngD9HOF5FOenCAA8ifXiSto2UhJkT",https://drive.google.com/open?id=1qgRK39qQE09gxJh8O7HkH5TbSMEZFv38,https://drive.google.com/open?id=1YHqGKB7ER949KwnvDcslMrkZMzlICeu6,Branded Despia,Trickstar Spright
9/29/2022 19:44:33,Layer 1 (Vanilla),yubel#1310,Imogen#8898,2,0,,https://drive.google.com/open?id=14MsfXmgX7wKB9mhDvXsDeCuTCWWCvnKO,https://drive.google.com/open?id=16xzzLQNF7-h3qmBVSoqs9-0NjAgfGe5Q,HERO,Adventure Zoodiac
9/29/2022 20:32:17,Layer 1 (Vanilla),Imogen#8898,3manyflies#2628,2,0,https://drive.google.com/open?id=1B3BV52jmHQoZkUX0w3l1zf3rDJrH7nft,https://drive.google.com/open?id=1hv31YkGWn67F2V2tQ6TaN5G2ho3wtFp1,https://drive.google.com/open?id=1_a8t-lFAdLEBCUHJsjMJCOdYxPI36gwC,P.U.N.K. Virtual World,Live-Twin Spright
9/29/2022 22:35:58,Layer 1 (Vanilla),Querrec#8552,Blaster blade#7235,2,0,"https://drive.google.com/open?id=1Jq76OoWsJeBPekWpwD-TRTYBQUyJw3u4, https://drive.google.com/open?id=1hy0GSuq_yZqksPpSwIWtrt30nwjQRA1e",https://drive.google.com/open?id=1KJatJDhDmoK8Jf4lQDHRQU0Opa1uVffa,https://drive.google.com/open?id=1nhvTZ88UUtR0j33RbCB2RbmMsJqWk1Io,Branded Despia,Dark Magician
9/30/2022 11:02:03,Layer 1 (Vanilla),Jinxsei#1535,ChibiGohan#9855,2,1,"https://drive.google.com/open?id=1kR4jQFH5ehLQkPll5fMYoQ0nnLdfULei, https://drive.google.com/open?id=1hGIj2qHozUhElWoULbdyDmuqXFD0TTAq, https://drive.google.com/open?id=1Az7NkaxUe3ju7TSg1WYiq831jtYEz-S0",https://drive.google.com/open?id=1E-O9BxLC7CwCu4CHN3gNjtxlmULPvuuP,https://drive.google.com/open?id=1mNUhIuDsyffi-LHVP8w4f_1aNbHOdsww,Drytron (Megalith Vendread),T.G.
9/30/2022 12:25:57,Layer 1 (Vanilla),JoyousArkoneus#8954,kata#1031,2,1,"https://drive.google.com/open?id=1IoOBqCvCOKGPlYBpIa_5OeqFsabqQXFE, https://drive.google.com/open?id=1GqTuEuWKihSlG28p4UOSsbUT7uqEo_Ia",https://drive.google.com/open?id=1m6o8dd3B3Dhll7XAOczBSgseL-XtHQre,https://drive.google.com/open?id=1sVIz7PC4NrPHvRpQ57ogRKm7hMd3tEbo,Hero,True-Draco/Magical Musketeers
9/30/2022 12:59:34,Layer 1 (Vanilla),Querrec#8552,JoyousArkoneus#8954,2,0,"https://drive.google.com/open?id=1hLcRqPH_1PzSL65F38XuHuoU4waNdCWi, https://drive.google.com/open?id=1QQDloxoXPuB50oVHp9an64AvF7n_UlJo",https://drive.google.com/open?id=1czAe_WAh0r9CdxXMjorxPftVfuK8TCGO,https://drive.google.com/open?id=1AjPkl8HNPQ-llycdbCWNExmlaALeEgOJ,Branded Despia,HEROES
9/30/2022 13:50:09,Layer 1 (Vanilla),Jinxsei#1535,kata#1031,2,0,"https://drive.google.com/open?id=1j6CGxUKwT0fPqIUi6zAhCdxXxIYYxpLM, https://drive.google.com/open?id=1i49hCcDTRsskvhtIM9PBH-tKjMJnZgr9",https://drive.google.com/open?id=1xNfHwnY5Z2dLntoS6SUig4gmNgNSjx9J,https://drive.google.com/open?id=16ZWRQayHQXBZem2eH5o4NZOGCwOxbOZE,Unchained,Magical Musketeer
9/30/2022 16:18:32,Layer 1 (Vanilla),Preistest_Dragon#5022,Isla#1154,2,0,"https://drive.google.com/open?id=19DeLU6VIi9zU3usde_ROU6dtY4nGaIeG, https://drive.google.com/open?id=1Odv1ZH6REKG2FIDQZrhWFgS2XtLpEF4s",https://drive.google.com/open?id=1BQOa9ZRo434m0dHhiQ9Q_TAgUCu7uODT,https://drive.google.com/open?id=1YY97qQNg5WhJCi_CmL3T9VJJpx5kH5NQ,Libromancer Punk,Utopia
9/30/2022 17:00:00,Layer 1 (Vanilla),idkjustputagoodname#9610,Preistest_Dragon#5022,2,0,"https://drive.google.com/open?id=1_GzG-PNgjcpi9UnCzSTUVF8qYJNosOAw, https://drive.google.com/open?id=1tGBr9aIrR9EBOJI-sIqz5l4O2J-L_xYW",https://drive.google.com/open?id=1REbVMb1yZn7_ohYGzrhKt0nP4UfELKeR,https://drive.google.com/open?id=19056olc9YGik_7YcObtwjrbIfUE3g8Ax,Brave zoo dpe,Libromancer
9/30/2022 17:28:20,Layer 1 (Vanilla),WhiteAurorus#1345,Megalith Phul#3133,2,1,"https://drive.google.com/open?id=1McrL0oRTJNPVLVxfj51DY4tUYMS1H8Zh, https://drive.google.com/open?id=1xmgk-nRvZgHIiFgobuz7tWmMf88oM9wj, https://drive.google.com/open?id=12cliGFy35J_6_IiaRPLYGX4MO11uREVQ",https://drive.google.com/open?id=1Rluu15YsTfcZ2bZ75abi5Hhqma7bzPCr,https://drive.google.com/open?id=1XGYAa7EkL5q56g9ZlTmpyh1vrCadOspo,Exosister,Megalith
9/30/2022 17:51:59,Layer 1 (Vanilla),idkjustputagoodname#9610,JoshuaDragonPillow#3441,2,0,,https://drive.google.com/open?id=1GGtTdlLpwFX3Iwv2-EcjQ8s8FN5vToOv,https://drive.google.com/open?id=16P5sRxrzOuUUu8xWenlZFTO4mHmdpMWD,Brave zoo dpe,Tear danger brave?
9/30/2022 18:11:14,Layer 1 (Vanilla),idkjustputagoodname#9610,Isla#1154,2,1,,https://drive.google.com/open?id=1cPSUf6GpEdO7hExzIt9UegoaZdKZRRFH,https://drive.google.com/open?id=10i0Kx5XVSGxmqFq1wi7hTtnEmJlvfACJ,brave zoo dpe,ONE PUNCH MAAAAAAAN.....utopia
9/30/2022 18:34:01,Layer 1 (Vanilla),Malleus#2670,Spydorking#2735,2,1,,https://drive.google.com/open?id=1KX_3myv-7FMhsRK19O_0AOskSLY-mi-y,https://drive.google.com/open?id=17OpQt6iiwJ5o4oqvRRQZBta4UCttTTAk,P.U.N.K.,Rikka Sunavalon
9/30/2022 18:36:50,Layer 1 (Vanilla),﻿kata#1031,WhiteAurorus#1345,2,1,"https://drive.google.com/open?id=1LV_M55X_euq2Mnai8H5AfHoJcG5mW6-H, https://drive.google.com/open?id=1eT62WEmk5UdDYK0CIBTI3N4Y-ACxmoti, https://drive.google.com/open?id=1b21ZmHb8VEqY6b84YXFpi72_AzkbeiCJ",https://drive.google.com/open?id=17Q9sE5xYtC-AsScDSbHfKBFEVKN8MFVj,https://drive.google.com/open?id=1sP27OtF90svH3gpjjnoJcMlKw8UAPkLu,Madolche Adventurer,Exosister
9/30/2022 22:00:53,Layer 1 (Vanilla),kata#1031,Querrec#8552,2,0,"https://drive.google.com/open?id=1BzwT0Yxx5A_740pbkfdNf6xYNITe7hCe, https://drive.google.com/open?id=1dRze7iLkfkxgmmaqRvDqKMP7OAheWAwS",https://drive.google.com/open?id=1wo5RraBaaE19iZbZOw0-GX4F8SI6Y1BV,https://drive.google.com/open?id=1yvxPp35N8KJILSVK7MOUAXm4-Qil7Vo5,adventurer madolche,magicians souls spyral
10/1/2022 2:31:26,Layer 1 (Vanilla),JoshuaDragonPillow#3441,Aidan#9145,2,0,"https://drive.google.com/open?id=1BlqQHIFWcGb_VH3fL3m7kP5AWnw0ke3d, https://drive.google.com/open?id=1xJqz53sSzRgalFmDQU9kdun67yBWi6V2",https://drive.google.com/open?id=1YcyHunrbfOSIxjNLuJjpecc8JjSp7tHG,https://drive.google.com/open?id=1iUR367oAVH7CrTFFMsAaSUK_ffxLsGWD,Sky Striker,Salamangreat
10/1/2022 6:33:50,Layer 1 (Vanilla),Atlas/Celeste#8465,ChibiGohan#9855,2,0,"https://drive.google.com/open?id=1IcByuxcCs82Cotfn5_d6mzwj7hfXdCNf, https://drive.google.com/open?id=1unT6UTC_CIJTgAPkhzmY55soAl4PO7pj",https://drive.google.com/open?id=1FpJpWsErBCBiHGZeproX3w0tskA1agTj,https://drive.google.com/open?id=1Pju87ObZzZ8qmuiyW8UBTJlB6sCbn8aF,True Draco Magical Musketeers,Evilswarm
10/1/2022 8:09:36,Layer 1 (Vanilla),Atlas/Celeste#8465,Surtr#6751,2,0,"https://drive.google.com/open?id=1TVqdoscuMOtmzdfx-qZJqH2GGMM7CHFU, https://drive.google.com/open?id=1IGO8qJn7Z9WshwRdLE6CBj0UWd5hbvcE",https://drive.google.com/open?id=11Ve2HhEJqp14OlFE1L8M5Miuk35ON4Ad,https://drive.google.com/open?id=1mtFwxgD2b70ytS75GyAnNNEpluLVpnZJ,Branded Despia,Adventurer P.U.N.K. Crystron
10/1/2022 9:57:49,Layer 1 (Vanilla),Malleus#2670,JoshuaDragonPillow#3441,2,0,"https://drive.google.com/open?id=1pIEvu-dqHQsqa2g0FK0cwFM9kHMD9yBC, https://drive.google.com/open?id=1gVRNXvUGcBVol1QP6p1KLqTco60hzqOx",https://drive.google.com/open?id=1UhLZ80cH8bpalYM8ecFM4hsB-YRKHTTA,https://drive.google.com/open?id=1Y3OL_L0d8WMJxb6yoc9Z5b_4RHqaaJvb,P.U.N.K.,Mathmech Eldlich
10/1/2022 10:07:53,Layer 1 (Vanilla),Atlas/Celeste#8465,Jinxsei#1535,2,1,"https://drive.google.com/open?id=1Vk0xR7QrHkMKLbOO1NHpKKdt8SY0wviu, https://drive.google.com/open?id=1WrWg_oNa87bkMWNnUf8KTni43NLlAvlb, https://drive.google.com/open?id=1JSNX9UMjTYDkdSZXV-wYml4bn7HKgzvF",https://drive.google.com/open?id=1Q0rzt0IlhI-AWh5NA5Fe-gjI1FPrQJJu,https://drive.google.com/open?id=1xbjMtG_YQgqkJWq5ie-PXXHfmmsDsZa7,Danger! Adventure Orcust,Adventure Spright Prank-Kid
10/1/2022 11:00:15,Layer 1 (Vanilla),kata#1031,Atlas/Celeste#8465,2,1,"https://drive.google.com/open?id=1qsjgioJrCpnzKTEhxMbEg5D1mX2DWVzK, https://drive.google.com/open?id=1zj9eyac1he4iytcdUKfR_EOTHRLCg7jR, https://drive.google.com/open?id=16UWvUGt_lwI4SsT2yL8oxRi_aSzVZOjx",https://drive.google.com/open?id=1UelfOVjCnxPgag1pyO7kHJHZpMzVzM04,https://drive.google.com/open?id=1E2k1BWNVwuvXsbFgWzCHwPGoiuKTYS8H,adventurer madolche,adventurer orcust
10/1/2022 11:26:44,Layer 1 (Vanilla),Isla#1154,Jinxsei#1535,2,0,"https://drive.google.com/open?id=1XC_yKE5Y0rTOXUXHBmzPSp-VPqGX-mI-, https://drive.google.com/open?id=14cBlaaSIMz8nHSZKUCs-n_Wkx51iEBxB",https://drive.google.com/open?id=12TgxaR-_gP_ap6heWK4CyoWE02ZOjlTI,https://drive.google.com/open?id=1fPD-qHKTOHont03F7X_Pez5Nqs1LOYrg,Utopia,Adventure Prank-Kids Spright
10/1/2022 11:38:42,Layer 1 (Vanilla),Querrec#8552,Surtr#6751,2,0,"https://drive.google.com/open?id=1TCIUSZMO8_fAiO11stDxp90cdHXKCa_5, https://drive.google.com/open?id=1ZgpBBAkvsSmfOVn_IvhFAli1XIz9PWcn",https://drive.google.com/open?id=1Y8l1n_VPuLUvmJAb5fTTaibca-Q_lVbV,https://drive.google.com/open?id=1jm4srHMpX1w3T2Q1MtusAKPW3Y3lJeMC,SPYRAL,Predaplant
10/1/2022 12:30:09,Layer 1 (Vanilla),Surtr#6751,poké#4070,2,0,"https://drive.google.com/open?id=18nuYaYEp_jFOyGHXOv1FhdV7_k_GPty4, https://drive.google.com/open?id=1MRa_t2_XlEIDqfYRNmlHaM9uwuyX6f_b",https://drive.google.com/open?id=10dN0UunjIR2-wGW64rjvt-fmJhfabpKx,https://drive.google.com/open?id=1W83jlNcyjSKmOcxSTn5iQHSPrbnXHssa,heros,fossils/adamancipators
10/1/2022 17:23:03,Layer 1 (Vanilla),Preistest_Dragon#5022,Malleus#2670,2,1,"https://drive.google.com/open?id=1mEWx42WvNjzN1zjxHH78NuDpDLAQczJA, https://drive.google.com/open?id=1afu8d7LD-lJqdTy0DvfsWmWwG3p4jmiX, https://drive.google.com/open?id=1jTxHwrqTR--NJ4ckzyC8YEofJdU4Mkwi",https://drive.google.com/open?id=14zZsspprtoxlBwdDH-pWeXRh-mKRejg5,https://drive.google.com/open?id=1mjZ0BkoAiGjsxg6tVdv5ht-rZJGo2tPT,Vanity's Ruler (Libromancer P.U.N.K.),Hot Red Dragon Archfiend King Calamity (P.U.N.K.)
10/1/2022 18:15:01,Layer 1 (Vanilla),Ejeffers1239#9016,Preistest_Dragon#5022,2,0,"https://drive.google.com/open?id=18bc3T10nriqouFw5_ZxT66j8B3ix8sZ3, https://drive.google.com/open?id=18jDTI5v_MIUKw4Deafop2UX9O9sfWMXR",https://drive.google.com/open?id=1wHlWQIfq7vo-gc-Soy-GucbvtNpnXo47,https://drive.google.com/open?id=13Z9E1uVcMm_9x1p_47a91VvYdMlPGJ10,Marincess,PUNK Libromancer
10/1/2022 18:34:17,Layer 1 (Vanilla),Querrec#8552,Jinxsei#1535,2,0,"https://drive.google.com/open?id=1o0kvlR0ThRgfVLJub2xerMGs87hWL4WY, https://drive.google.com/open?id=1UaZ2tFcP9Fk_fIabrT51djggyX9nga-M",https://drive.google.com/open?id=1Q0m4UU_BuZA9gCSjIQjgPaCmuhuLRydG,https://drive.google.com/open?id=1w6QRV_xFFpLw-CfWVo8nZY_7IG5KqIYL,SPYRAL,Adventure Prank Spright
10/1/2022 19:12:27,Layer 1 (Vanilla),Surtr#6751,Blaster blade#7235,2,0,"https://drive.google.com/open?id=1xjBX6HU8iiiS7WODwB_0xpFreTdJZ6d9, https://drive.google.com/open?id=1rWWHoaX8EMCyfQbIo6pEPF6nRAcp6O8p",https://drive.google.com/open?id=1wQg-wGmNYvF46d8TZo3RLynBOJUaWi9k,https://drive.google.com/open?id=17HT--TGozGc2zs8_o6IGYfps5hvz778H,"Madolche, Generaider","Dark Magician, Magician Girl"
10/2/2022 10:29:33,Layer 1 (Vanilla),Isla#1154,Atlas/Celeste#8465,2,1,"https://drive.google.com/open?id=1JoJkjnXiy85FtD5AgwBfilmY-X7LdvGF, https://drive.google.com/open?id=1060KJxJ-tiRqd9cE1S0yuYpnpqOBIIri, https://drive.google.com/open?id=1bk05kmbdEeOvcTiY4ovzh56jueakIZhk",https://drive.google.com/open?id=1-B9RhxqOg_o1_MtR6YsEPeHL4uB46951,https://drive.google.com/open?id=1JtuH9N1OOqWjFP_IXMSAt6BnRpR_aJ1r,Rank 4 Spam,Striker Orcust
10/2/2022 10:31:25,Layer 1 (Vanilla),Atlas/Celeste#8465,Isla#1154,2,0,"https://drive.google.com/open?id=14HsC9yhwig_5akCf-_91lQ7GQ2dIr8mw, https://drive.google.com/open?id=1MvYTx4nRztxgn3N-bQPsir4ZjXibDUuT",https://drive.google.com/open?id=1gRysZ3qWYzSUyPoHvMErjo4ubnk3FtMp,https://drive.google.com/open?id=1A4N81KC46eNSrB3Etvw_efW4degFD3T-,Adventure Danger Orcust,Lunalight Utopia
10/2/2022 13:04:51,Layer 1 (Vanilla),idkjustputagoodname#9610,Kata#103q,2,1,"https://drive.google.com/open?id=11wO69Rs8FqLh6GJoDXFxhKqxsh9_TnAk, https://drive.google.com/open?id=1eaPuEK-wl1TI1sScj6WDtZL9gG5N6pIu, https://drive.google.com/open?id=1okm0pXrnztdsDua43ygy1Wu69I97FYoh",https://drive.google.com/open?id=1ZhPfTka2t9BZU4UID9zfaWW2-hIzRe8y,https://drive.google.com/open?id=1lZ2nU1h7pFDC01hCR1-SmQryRHLv4-qe,Runick with some s t u n (I am not fun :)),brave madolche
10/2/2022 15:56:13,Layer 1 (Vanilla),JoshuaDragonPillow#3441,Blaster blade#7235,2,0,"https://drive.google.com/open?id=1iVRPK9_FHAutpd-2kHTRo94yrfgNDWnm, https://drive.google.com/open?id=12OmcYBQpyVbV1ALGaH2YUxaxrFRuFwGe",https://drive.google.com/open?id=1h_bIwY0AtIrv9giC6wiQRfr-rdaggVg_,https://drive.google.com/open?id=1Y-V6Kul1pwWBE3yCysOzJOE90Jr8NMeR,Brave Spright Prank-kid,Dark Magician/Dark Magician Girl
10/2/2022 16:29:52,Layer 1 (Vanilla),JoshuaDragonPillow#3441,Querrec#8552,2,0,"https://drive.google.com/open?id=1yrz6jWVbCyOJqC8G4nJGknaHY9OG72V4, https://drive.google.com/open?id=1hH0CxcQ6HHry5p74JuQYmsx5WFzWcSRU",https://drive.google.com/open?id=1CNg2u2cL6M8buuSr-Hb1lyDVBkCXmHCR,https://drive.google.com/open?id=12HuGm0Kr-C_2d-H_PJwFqIgz5_iwxF_6,The Golden Equation (MathmechEldlichAdventure),Branded